filename,asset_type,title_en,title_ko,keywords_en,keywords_ko,category,batch,axis_subject,axis_color
cd-01.png,photo,Cute Korean boy in hanbok bowing for Chuseok greeting,추석 세배하는 귀여운 한복 남자아이,"hanbok boy, korean bowing, sebae, chuseok child, traditional greeting, cute boy, navy, cream, clip art, sticker, greeting card, social media, template, invitation, hanbok child, korean child, cute character, holiday greeting, traditional dress, chuseok kid, chuseok, korean traditional, transparent background, isolated, cute, no people, design element, decoration","한복 남자아이, 세배, 절하는 아이, 추석 아이, 명절 인사, 귀여운 소년, 남색, 크림, 클립아트, 스티커, 카드, 소셜 미디어, 템플릿, 초대장, 한복 아이, 한국 아이, 귀여운 캐릭터, 전통 의상, 추석, 한국 전통, 투명 배경, 아이솔레이티드, 귀여운, 사람 없음",9. Graphic Resources,chuseok_deco_20,세배하는 남자아이 (A 아이),남색-크림
cd-02.png,photo,Cute Korean girl in hanbok greeting for Chuseok,추석 인사하는 귀여운 한복 여자아이,"hanbok girl, korean girl, holiday greeting, chuseok child, traditional dress, cute girl, coral red, cream, clip art, sticker, greeting card, social media, template, invitation, hanbok child, korean child, cute character, chuseok kid, chuseok, korean traditional, transparent background, isolated, cute, no people, design element, decoration, flat illustration, hand drawn","한복 여자아이, 한국 소녀, 명절 인사, 추석 아이, 전통 의상, 귀여운 소녀, 홍색, 크림, 클립아트, 스티커, 카드, 소셜 미디어, 템플릿, 초대장, 한복 아이, 한국 아이, 귀여운 캐릭터, 추석, 한국 전통, 투명 배경, 아이솔레이티드, 귀여운, 사람 없음, 디자인 요소",9. Graphic Resources,chuseok_deco_20,인사하는 여자아이 (A 아이),홍색-크림
cd-03.png,photo,Cute hanbok child holding a plate of songpyeon rice cakes,송편 접시를 든 귀여운 한복 아이,"hanbok child, holding songpyeon, korean rice cake, chuseok food, cute kid, holiday child, mint green, cream, clip art, sticker, greeting card, social media, template, invitation, korean child, cute character, holiday greeting, traditional dress, chuseok kid, chuseok, korean traditional, transparent background, isolated, cute, no people, design element, decoration, flat illustration","한복 아이, 송편 든 아이, 한국 떡, 추석 음식, 귀여운 아이, 명절 아이, 민트, 크림, 클립아트, 스티커, 카드, 소셜 미디어, 템플릿, 초대장, 한국 아이, 귀여운 캐릭터, 명절 인사, 전통 의상, 추석 아이, 추석, 한국 전통, 투명 배경, 아이솔레이티드, 귀여운",9. Graphic Resources,chuseok_deco_20,송편 든 아이 (A 아이),민트-크림
cd-04.png,photo,Cute hanbok child making a wish under the full moon,보름달 아래 소원 비는 귀여운 한복 아이,"hanbok child, full moon wish, chuseok moon, korean child, praying child, holiday kid, navy, warm gold, clip art, sticker, greeting card, social media, template, invitation, cute character, holiday greeting, traditional dress, chuseok kid, chuseok, korean traditional, transparent background, isolated, cute, no people, design element, decoration, flat illustration, hand drawn","한복 아이, 보름달 소원, 추석 달, 한국 아이, 소원 비는 아이, 명절 아이, 남색, 금빛, 클립아트, 스티커, 카드, 소셜 미디어, 템플릿, 초대장, 귀여운 캐릭터, 명절 인사, 전통 의상, 추석 아이, 추석, 한국 전통, 투명 배경, 아이솔레이티드, 귀여운, 사람 없음",9. Graphic Resources,chuseok_deco_20,보름달 보는 아이 (A 아이),남색-금빛
cd-05.png,photo,Cute Korean brother and sister in hanbok for Chuseok,추석 한복 입은 귀여운 남매,"hanbok siblings, korean children, boy and girl, chuseok kids, traditional dress, cute pair, coral, navy, clip art, sticker, greeting card, social media, template, invitation, hanbok child, korean child, cute character, holiday greeting, chuseok kid, chuseok, korean traditional, transparent background, isolated, cute, no people, design element, decoration, flat illustration","한복 남매, 한국 아이들, 남자아이 여자아이, 추석 아이들, 전통 의상, 귀여운 커플, 홍색, 청색, 클립아트, 스티커, 카드, 소셜 미디어, 템플릿, 초대장, 한복 아이, 한국 아이, 귀여운 캐릭터, 명절 인사, 추석 아이, 추석, 한국 전통, 투명 배경, 아이솔레이티드, 귀여운",9. Graphic Resources,chuseok_deco_20,남매 한 쌍 (A 아이),홍청-크림
cd-06.png,photo,Cute hanbok child holding a lucky pouch bokjumeoni,복주머니를 든 귀여운 한복 아이,"hanbok child, lucky pouch, bokjumeoni, chuseok child, korean kid, holiday greeting, navy, gold, clip art, sticker, greeting card, social media, template, invitation, korean child, cute character, traditional dress, chuseok kid, chuseok, korean traditional, transparent background, isolated, cute, no people, design element, decoration, flat illustration, hand drawn","한복 아이, 복주머니, 행운 주머니, 추석 아이, 한국 아이, 명절 인사, 남색, 금색, 클립아트, 스티커, 카드, 소셜 미디어, 템플릿, 초대장, 귀여운 캐릭터, 전통 의상, 추석, 한국 전통, 투명 배경, 아이솔레이티드, 귀여운, 사람 없음, 디자인 요소, 데코레이션",9. Graphic Resources,chuseok_deco_20,복주머니 든 아이 (A 아이),남색-금빛
cd-07.png,photo,Cute rabbit in hanbok greeting for Korean Chuseok,추석 인사하는 귀여운 한복 토끼,"hanbok rabbit, cute bunny, greeting rabbit, chuseok rabbit, korean mascot, holiday bunny, cream, coral, clip art, sticker, greeting card, social media, template, invitation, rabbit character, moon rabbit, folk rabbit, mascot, holiday animal, chuseok, korean traditional, transparent background, isolated, cute, no people, design element, decoration, flat illustration","한복 토끼, 귀여운 토끼, 인사 토끼, 추석 토끼, 한국 마스코트, 명절 토끼, 크림, 홍색, 클립아트, 스티커, 카드, 소셜 미디어, 템플릿, 초대장, 토끼 캐릭터, 달토끼, 민속 토끼, 마스코트, 명절 동물, 추석, 한국 전통, 투명 배경, 아이솔레이티드, 귀여운",9. Graphic Resources,chuseok_deco_20,한복 입은 토끼 (B 토끼),크림-홍색
cd-08.png,photo,Two cute rabbits pounding rice cake for Chuseok,추석 방아 찧는 귀여운 토끼 두 마리,"moon rabbit, rice pounding, two rabbits, chuseok rabbit, folk rabbit, cute bunny, cream, navy, clip art, sticker, greeting card, social media, template, invitation, rabbit character, mascot, holiday animal, chuseok, korean traditional, transparent background, isolated, cute, no people, design element, decoration, flat illustration, hand drawn, hangawi","달토끼, 방아 찧기, 토끼 두 마리, 추석 토끼, 민속 토끼, 귀여운 토끼, 크림, 남색, 클립아트, 스티커, 카드, 소셜 미디어, 템플릿, 초대장, 토끼 캐릭터, 마스코트, 명절 동물, 추석, 한국 전통, 투명 배경, 아이솔레이티드, 귀여운, 사람 없음, 디자인 요소",9. Graphic Resources,chuseok_deco_20,방아 찧는 토끼 두 마리 (B 토끼),크림-남색
cd-09.png,photo,Cute rabbit hugging a full harvest moon illustration,보름달을 안은 귀여운 토끼 일러스트,"moon rabbit, harvest moon, hugging moon, chuseok rabbit, cute bunny, lunar rabbit, cream, warm gold, clip art, sticker, greeting card, social media, template, invitation, rabbit character, folk rabbit, mascot, holiday animal, chuseok, korean traditional, transparent background, isolated, cute, no people, design element, decoration, flat illustration, hand drawn","달토끼, 한가위 달, 달 안은 토끼, 추석 토끼, 귀여운 토끼, 달 토끼, 크림, 금빛, 클립아트, 스티커, 카드, 소셜 미디어, 템플릿, 초대장, 토끼 캐릭터, 민속 토끼, 마스코트, 명절 동물, 추석, 한국 전통, 투명 배경, 아이솔레이티드, 귀여운, 사람 없음",9. Graphic Resources,chuseok_deco_20,보름달 안은 토끼 (B 토끼),크림-금빛
cd-10.png,photo,Cute rabbit holding songpyeon rice cake for Chuseok,추석 송편을 든 귀여운 토끼,"cute rabbit, holding songpyeon, chuseok rabbit, korean rice cake, folk bunny, holiday rabbit, mint green, cream, clip art, sticker, greeting card, social media, template, invitation, rabbit character, cute bunny, moon rabbit, folk rabbit, mascot, holiday animal, chuseok, korean traditional, transparent background, isolated, cute, no people, design element, decoration","귀여운 토끼, 송편 든 토끼, 추석 토끼, 한국 떡, 민속 토끼, 명절 토끼, 민트, 크림, 클립아트, 스티커, 카드, 소셜 미디어, 템플릿, 초대장, 토끼 캐릭터, 달토끼, 마스코트, 명절 동물, 추석, 한국 전통, 투명 배경, 아이솔레이티드, 귀여운, 사람 없음",9. Graphic Resources,chuseok_deco_20,송편 든 토끼 (B 토끼),민트-크림
cd-11.png,photo,Cute rabbit holding a lucky pouch for Korean Chuseok,복주머니를 든 귀여운 추석 토끼,"cute rabbit, lucky pouch, bokjumeoni, chuseok rabbit, fortune bunny, holiday rabbit, navy, gold, clip art, sticker, greeting card, social media, template, invitation, rabbit character, cute bunny, moon rabbit, folk rabbit, mascot, holiday animal, chuseok, korean traditional, transparent background, isolated, cute, no people, design element, decoration","귀여운 토끼, 복주머니, 행운 주머니, 추석 토끼, 복 토끼, 명절 토끼, 남색, 금색, 클립아트, 스티커, 카드, 소셜 미디어, 템플릿, 초대장, 토끼 캐릭터, 달토끼, 민속 토끼, 마스코트, 명절 동물, 추석, 한국 전통, 투명 배경, 아이솔레이티드, 귀여운",9. Graphic Resources,chuseok_deco_20,복주머니 든 토끼 (B 토끼),남색-금빛
cd-12.png,photo,Korean yut nori traditional game sticks illustration,한국 윷놀이 전통 윷 세트 일러스트,"yut nori, yut sticks, korean folk game, traditional game, chuseok game, wooden sticks, chestnut brown, cream, clip art, sticker, greeting card, social media, template, invitation, folk game, traditional toy, korean play, holiday prop, festive object, traditional craft, chuseok, korean traditional, transparent background, isolated, cute, no people, design element, decoration","윷놀이, 윷, 한국 민속놀이, 전통 놀이, 추석 놀이, 나무 윷, 밤색, 크림, 클립아트, 스티커, 카드, 소셜 미디어, 템플릿, 초대장, 민속놀이, 전통 장난감, 한국 놀이, 명절 소품, 명절 오브제, 전통 공예, 추석, 한국 전통, 투명 배경, 아이솔레이티드",9. Graphic Resources,chuseok_deco_20,윷놀이 윷 (C 소품),밤색-크림
cd-13.png,photo,Korean traditional shield kite illustration for autumn,한국 전통 방패연 가을 일러스트,"korean kite, shield kite, traditional kite, folk kite, chuseok play, paper kite, traditional blue, traditional red, clip art, sticker, greeting card, social media, template, invitation, folk game, traditional toy, korean play, holiday prop, festive object, traditional craft, chuseok, korean traditional, transparent background, isolated, cute, no people, design element, decoration","방패연, 전통 연, 한국 연, 민속 연, 추석 놀이, 종이 연, 청색, 홍색, 클립아트, 스티커, 카드, 소셜 미디어, 템플릿, 초대장, 민속놀이, 전통 장난감, 한국 놀이, 명절 소품, 명절 오브제, 전통 공예, 추석, 한국 전통, 투명 배경, 아이솔레이티드",9. Graphic Resources,chuseok_deco_20,방패연 (C 소품),청홍-크림
cd-14.png,photo,Korean traditional spinning top toy illustration,한국 전통 팽이 장난감 일러스트,"spinning top, korean top, traditional toy, folk toy, chuseok play, wooden top, red, navy, clip art, sticker, greeting card, social media, template, invitation, folk game, korean play, holiday prop, festive object, traditional craft, chuseok, korean traditional, transparent background, isolated, cute, no people, design element, decoration, flat illustration","팽이, 한국 팽이, 전통 장난감, 민속 장난감, 추석 놀이, 나무 팽이, 빨강, 남색, 클립아트, 스티커, 카드, 소셜 미디어, 템플릿, 초대장, 민속놀이, 한국 놀이, 명절 소품, 명절 오브제, 전통 공예, 추석, 한국 전통, 투명 배경, 아이솔레이티드, 귀여운",9. Graphic Resources,chuseok_deco_20,팽이 (C 소품),멀티-크림
cd-15.png,photo,Korean traditional hangwa sweets plate illustration,한국 전통 한과 모둠 접시 일러스트,"hangwa, korean sweets, traditional dessert, chuseok food, yakgwa, festive treat, warm gold, cream, clip art, sticker, greeting card, social media, template, invitation, folk game, traditional toy, korean play, holiday prop, festive object, traditional craft, chuseok, korean traditional, transparent background, isolated, cute, no people, design element, decoration","한과, 한국 과자, 전통 디저트, 추석 음식, 약과, 명절 먹거리, 금빛, 크림, 클립아트, 스티커, 카드, 소셜 미디어, 템플릿, 초대장, 민속놀이, 전통 장난감, 한국 놀이, 명절 소품, 명절 오브제, 전통 공예, 추석, 한국 전통, 투명 배경, 아이솔레이티드",9. Graphic Resources,chuseok_deco_20,한과 접시 (C 소품),금빛-크림
cd-16.png,photo,Simplified Korean Chuseok ancestral table illustration,간소화한 추석 차례상 일러스트,"chuseok table, ancestral table, charye, holiday feast, korean tradition, festive spread, chestnut brown, cream, clip art, sticker, greeting card, social media, template, invitation, folk game, traditional toy, korean play, holiday prop, festive object, traditional craft, chuseok, korean traditional, transparent background, isolated, cute, no people, design element, decoration","차례상, 제사상, 차례, 명절 상차림, 한국 전통, 명절 음식상, 밤색, 크림, 클립아트, 스티커, 카드, 소셜 미디어, 템플릿, 초대장, 민속놀이, 전통 장난감, 한국 놀이, 명절 소품, 명절 오브제, 전통 공예, 추석, 투명 배경, 아이솔레이티드, 귀여운",9. Graphic Resources,chuseok_deco_20,간소 차례상 (C 소품),밤색-크림
cd-17.png,photo,Cute traditional cloud and star decoration set illustration,귀여운 전통 구름과 별 장식 세트 일러스트,"cloud motif, star element, decoration set, traditional cloud, chuseok decoration, night accent, cream, navy, clip art, sticker, greeting card, social media, template, invitation, decorative element, ornament, korean pattern, festive decoration, accent motif, traditional knot, chuseok, korean traditional, transparent background, isolated, cute, no people, design element, decoration","구름 문양, 별 요소, 장식 세트, 전통 구름, 추석 장식, 밤 포인트, 크림, 남색, 클립아트, 스티커, 카드, 소셜 미디어, 템플릿, 초대장, 장식 요소, 오너먼트, 한국 문양, 명절 데코, 포인트 모티프, 전통 매듭, 추석, 한국 전통, 투명 배경, 아이솔레이티드",9. Graphic Resources,chuseok_deco_20,구름·별 세트 (D 장식),크림-남색
cd-18.png,photo,Korean traditional norigae knot ornament illustration,한국 전통 매듭 노리개 일러스트,"norigae, korean knot, maedeup, traditional ornament, tassel decoration, folk craft, coral red, gold, clip art, sticker, greeting card, social media, template, invitation, decorative element, ornament, korean pattern, festive decoration, accent motif, traditional knot, chuseok, korean traditional, transparent background, isolated, cute, no people, design element, decoration","노리개, 매듭, 한국 매듭, 전통 장식, 술 장식, 민속 공예, 홍색, 금색, 클립아트, 스티커, 카드, 소셜 미디어, 템플릿, 초대장, 장식 요소, 오너먼트, 한국 문양, 명절 데코, 포인트 모티프, 전통 매듭, 추석, 한국 전통, 투명 배경, 아이솔레이티드",9. Graphic Resources,chuseok_deco_20,전통 매듭 노리개 (D 장식),홍색-금빛
cd-19.png,photo,Korean dancheong pattern decorative band illustration,한국 단청 문양 장식 띠 일러스트,"dancheong, korean pattern, decorative band, traditional motif, temple pattern, border strip, teal green, coral red, clip art, sticker, greeting card, social media, template, invitation, decorative element, ornament, festive decoration, accent motif, traditional knot, chuseok, korean traditional, transparent background, isolated, cute, no people, design element, decoration, flat illustration","단청, 한국 문양, 장식 띠, 전통 모티프, 단청 무늬, 테두리 띠, 청록, 홍색, 클립아트, 스티커, 카드, 소셜 미디어, 템플릿, 초대장, 장식 요소, 오너먼트, 명절 데코, 포인트 모티프, 전통 매듭, 추석, 한국 전통, 투명 배경, 아이솔레이티드, 귀여운",9. Graphic Resources,chuseok_deco_20,단청 문양 띠 (D 장식),청록-홍색
cd-20.png,photo,Korean traditional fortune medallion decorative ornament,한국 전통 복 원형 장식 메달,"fortune medallion, round ornament, traditional emblem, lucky decoration, chuseok ornament, circular motif, navy, gold, clip art, sticker, greeting card, social media, template, invitation, decorative element, ornament, korean pattern, festive decoration, accent motif, traditional knot, chuseok, korean traditional, transparent background, isolated, cute, no people, design element, decoration","복 메달, 원형 장식, 전통 엠블럼, 행운 장식, 추석 오너먼트, 원형 모티프, 남색, 금색, 클립아트, 스티커, 카드, 소셜 미디어, 템플릿, 초대장, 장식 요소, 오너먼트, 한국 문양, 명절 데코, 포인트 모티프, 전통 매듭, 추석, 한국 전통, 투명 배경, 아이솔레이티드",9. Graphic Resources,chuseok_deco_20,복 글자 원형 장식 (D 장식),남색-금빛
